Class,%
ACE-I /ARB,0.365155131
Beta Blocker,0.428798727
Entresto,0.039777247
Others,0.166268894